Workbook

Sheet GZS-1_VSP_400m Datum
A1: WELL NAME | D1: DATE
A2: GROUND ELEVATION (GL ELEVATION) | C2: m | D2: FIELD PROSPECT
A3: KB ELEVATION | C3: m | D3: Block | H3: Inputs
A4: LATERAL OFFSET | C4: m | D4: Basin | H4: Important edits
A5: KB to Ground elevation (KB-GL) | B5: =B3-B2 -> 0 | C5: m | D5: TD | F5: m
A6: Reference Datum DP | B6: 400 | C6: m
A7: Reference Datum to KB (DP/KB) | B7: =B6-B3 -> 400 | C7: m
A8: Static Correction SC (one way) | B8: =(B6-B2)/B9*1000 -> 181.81818 | C8: ms
A9: Vc | B9: 2200 | C9: m/s
A11: Measured Geophone DEPTH (m) | B11: Depth Corr. To GL (m) | C11: Depth Corr to Reference Datum DP (m) | D11: Raw Time PICK (ms) | E11: SRC-REC DISTANCE PALN VIEW (m) | F11: Theta (Radians) | G11: Vertical Time CORR to GL (ms) | H11: Vertical Time CORR to GL (TWT) (ms) | I11: DATUM (ms) | J11: Vertical Time corr to reference datum DP (ms) | K11: Vertical time corr to DP (TWT) (ms) | M11: Average Velocity (m/s) | N11: Interval Velocity (ms)
B13: =A13-($B$3-$B$2) -> 0 | C13: =B13+($B$6-$B$2) -> 400 | E13: =$B$4 -> 0 | F13: =ATAN(E13/B13) -> #DIV/0! | G13: =COS(F13)*D13 -> #DIV/0! | H13: =G13*2 -> #DIV/0! | I13: =$B$8 -> 181.81818 | J13: =G13+I13 -> #DIV/0! | K13: =J13*2 -> #DIV/0! | M13: =C13/J13*1000 -> #DIV/0!
B14: =A14-($B$3-$B$2) -> 0 | C14: =B14+($B$6-$B$2) -> 400 | E14: =$B$4 -> 0 | F14: =ATAN(E14/B14) -> #DIV/0! | G14: =COS(F14)*D14 -> #DIV/0! | H14: =G14*2 -> #DIV/0! | I14: =$B$8 -> 181.81818 | J14: =G14+I14 -> #DIV/0! | K14: =J14*2 -> #DIV/0! | M14: =C14/J14*1000 -> #DIV/0! | N14: =(B14-B13)/(J14-J13)*1000 -> #DIV/0!
B15: =A15-($B$3-$B$2) -> 0 | C15: =B15+($B$6-$B$2) -> 400 | E15: =$B$4 -> 0 | F15: =ATAN(E15/B15) -> #DIV/0! | G15: =COS(F15)*D15 -> #DIV/0! | H15: =G15*2 -> #DIV/0! | I15: =$B$8 -> 181.81818 | J15: =G15+I15 -> #DIV/0! | K15: =J15*2 -> #DIV/0! | M15: =C15/J15*1000 -> #DIV/0! | N15: =(B15-B14)/(J15-J14)*1000 -> #DIV/0!
B16: =A16-($B$3-$B$2) -> 0 | C16: =B16+($B$6-$B$2) -> 400 | E16: =$B$4 -> 0 | F16: =ATAN(E16/B16) -> #DIV/0! | G16: =COS(F16)*D16 -> #DIV/0! | H16: =G16*2 -> #DIV/0! | I16: =$B$8 -> 181.81818 | J16: =G16+I16 -> #DIV/0! | K16: =J16*2 -> #DIV/0! | M16: =C16/J16*1000 -> #DIV/0! | N16: =(B16-B15)/(J16-J15)*1000 -> #DIV/0!
B17: =A17-($B$3-$B$2) -> 0 | C17: =B17+($B$6-$B$2) -> 400 | E17: =$B$4 -> 0 | F17: =ATAN(E17/B17) -> #DIV/0! | G17: =COS(F17)*D17 -> #DIV/0! | H17: =G17*2 -> #DIV/0! | I17: =$B$8 -> 181.81818 | J17: =G17+I17 -> #DIV/0! | K17: =J17*2 -> #DIV/0! | M17: =C17/J17*1000 -> #DIV/0! | N17: =(B17-B16)/(J17-J16)*1000 -> #DIV/0!
B18: =A18-($B$3-$B$2) -> 0 | C18: =B18+($B$6-$B$2) -> 400 | E18: =$B$4 -> 0 | F18: =ATAN(E18/B18) -> #DIV/0! | G18: =COS(F18)*D18 -> #DIV/0! | H18: =G18*2 -> #DIV/0! | I18: =$B$8 -> 181.81818 | J18: =G18+I18 -> #DIV/0! | K18: =J18*2 -> #DIV/0! | M18: =C18/J18*1000 -> #DIV/0! | N18: =(B18-B17)/(J18-J17)*1000 -> #DIV/0!
B19: =A19-($B$3-$B$2) -> 0 | C19: =B19+($B$6-$B$2) -> 400 | E19: =$B$4 -> 0 | F19: =ATAN(E19/B19) -> #DIV/0! | G19: =COS(F19)*D19 -> #DIV/0! | H19: =G19*2 -> #DIV/0! | I19: =$B$8 -> 181.81818 | J19: =G19+I19 -> #DIV/0! | K19: =J19*2 -> #DIV/0! | M19: =C19/J19*1000 -> #DIV/0! | N19: =(B19-B18)/(J19-J18)*1000 -> #DIV/0!
B20: =A20-($B$3-$B$2) -> 0 | C20: =B20+($B$6-$B$2) -> 400 | E20: =$B$4 -> 0 | F20: =ATAN(E20/B20) -> #DIV/0! | G20: =COS(F20)*D20 -> #DIV/0! | H20: =G20*2 -> #DIV/0! | I20: =$B$8 -> 181.81818 | J20: =G20+I20 -> #DIV/0! | K20: =J20*2 -> #DIV/0! | M20: =C20/J20*1000 -> #DIV/0! | N20: =(B20-B19)/(J20-J19)*1000 -> #DIV/0!
B21: =A21-($B$3-$B$2) -> 0 | C21: =B21+($B$6-$B$2) -> 400 | E21: =$B$4 -> 0 | F21: =ATAN(E21/B21) -> #DIV/0! | G21: =COS(F21)*D21 -> #DIV/0! | H21: =G21*2 -> #DIV/0! | I21: =$B$8 -> 181.81818 | J21: =G21+I21 -> #DIV/0! | K21: =J21*2 -> #DIV/0! | M21: =C21/J21*1000 -> #DIV/0! | N21: =(B21-B20)/(J21-J20)*1000 -> #DIV/0!
B22: =A22-($B$3-$B$2) -> 0 | C22: =B22+($B$6-$B$2) -> 400 | E22: =$B$4 -> 0 | F22: =ATAN(E22/B22) -> #DIV/0! | G22: =COS(F22)*D22 -> #DIV/0! | H22: =G22*2 -> #DIV/0! | I22: =$B$8 -> 181.81818 | J22: =G22+I22 -> #DIV/0! | K22: =J22*2 -> #DIV/0! | M22: =C22/J22*1000 -> #DIV/0! | N22: =(B22-B21)/(J22-J21)*1000 -> #DIV/0!
B23: =A23-($B$3-$B$2) -> 0 | C23: =B23+($B$6-$B$2) -> 400 | E23: =$B$4 -> 0 | F23: =ATAN(E23/B23) -> #DIV/0! | G23: =COS(F23)*D23 -> #DIV/0! | H23: =G23*2 -> #DIV/0! | I23: =$B$8 -> 181.81818 | J23: =G23+I23 -> #DIV/0! | K23: =J23*2 -> #DIV/0! | M23: =C23/J23*1000 -> #DIV/0! | N23: =(B23-B22)/(J23-J22)*1000 -> #DIV/0!
B24: =A24-($B$3-$B$2) -> 0 | C24: =B24+($B$6-$B$2) -> 400 | E24: =$B$4 -> 0 | F24: =ATAN(E24/B24) -> #DIV/0! | G24: =COS(F24)*D24 -> #DIV/0! | H24: =G24*2 -> #DIV/0! | I24: =$B$8 -> 181.81818 | J24: =G24+I24 -> #DIV/0! | K24: =J24*2 -> #DIV/0! | M24: =C24/J24*1000 -> #DIV/0! | N24: =(B24-B23)/(J24-J23)*1000 -> #DIV/0!
B25: =A25-($B$3-$B$2) -> 0 | C25: =B25+($B$6-$B$2) -> 400 | E25: =$B$4 -> 0 | F25: =ATAN(E25/B25) -> #DIV/0! | G25: =COS(F25)*D25 -> #DIV/0! | H25: =G25*2 -> #DIV/0! | I25: =$B$8 -> 181.81818 | J25: =G25+I25 -> #DIV/0! | K25: =J25*2 -> #DIV/0! | M25: =C25/J25*1000 -> #DIV/0! | N25: =(B25-B24)/(J25-J24)*1000 -> #DIV/0!
... B500: =A500-($B$3-$B$2) -> 0 | C500: =B500+($B$6-$B$2) -> 400 | E500: =$B$4 -> 0 | F500: =ATAN(E500/B500) -> #DIV/0! | G500: =COS(F500)*D500 -> #DIV/0! | H500: =G500*2 -> #DIV/0! | I500: =$B$8 -> 181.81818 | J500: =G500+I500 -> #DIV/0! | K500: =J500*2 -> #DIV/0! | M500: =C500/J500*1000 -> #DIV/0! | N500: =(B500-B499)/(J500-J499)*1000 -> #DIV/0!

Sheet Formatted for Petrel
A1: # Petrel checkshots format
A2: ="# Time SRD "&'GZS-1_VSP_400m Datum'!B6&" m AMSL" -> # Time SRD 400 m AMSL
A3: ="# Replacement Velocity "&'GZS-1_VSP_400m Datum'!B9&" m/s" -> # Replacement Velocity 2200 m/s
A4: #
A5: # MD (m) from KB
A6: # TWT (ms) from Reference Datum
A7: #
A8: VERSION 1
A9: BEGIN HEADER
A10: MD
A11: TWT
A12: Well name
A13: END HEADER
A14: ='GZS-1_VSP_400m Datum'!A13 -> 0 | B14: ='GZS-1_VSP_400m Datum'!K13 -> #DIV/0! | C14: ='GZS-1_VSP_400m Datum'!$B$1 -> 0
A15: ='GZS-1_VSP_400m Datum'!A14 -> 0 | B15: ='GZS-1_VSP_400m Datum'!K14 -> #DIV/0! | C15: ='GZS-1_VSP_400m Datum'!$B$1 -> 0
A16: ='GZS-1_VSP_400m Datum'!A15 -> 0 | B16: ='GZS-1_VSP_400m Datum'!K15 -> #DIV/0! | C16: ='GZS-1_VSP_400m Datum'!$B$1 -> 0
A17: ='GZS-1_VSP_400m Datum'!A16 -> 0 | B17: ='GZS-1_VSP_400m Datum'!K16 -> #DIV/0! | C17: ='GZS-1_VSP_400m Datum'!$B$1 -> 0
A18: ='GZS-1_VSP_400m Datum'!A17 -> 0 | B18: ='GZS-1_VSP_400m Datum'!K17 -> #DIV/0! | C18: ='GZS-1_VSP_400m Datum'!$B$1 -> 0
A19: ='GZS-1_VSP_400m Datum'!A18 -> 0 | B19: ='GZS-1_VSP_400m Datum'!K18 -> #DIV/0! | C19: ='GZS-1_VSP_400m Datum'!$B$1 -> 0
A20: ='GZS-1_VSP_400m Datum'!A19 -> 0 | B20: ='GZS-1_VSP_400m Datum'!K19 -> #DIV/0! | C20: ='GZS-1_VSP_400m Datum'!$B$1 -> 0
A21: ='GZS-1_VSP_400m Datum'!A20 -> 0 | B21: ='GZS-1_VSP_400m Datum'!K20 -> #DIV/0! | C21: ='GZS-1_VSP_400m Datum'!$B$1 -> 0
A22: ='GZS-1_VSP_400m Datum'!A21 -> 0 | B22: ='GZS-1_VSP_400m Datum'!K21 -> #DIV/0! | C22: ='GZS-1_VSP_400m Datum'!$B$1 -> 0
A23: ='GZS-1_VSP_400m Datum'!A22 -> 0 | B23: ='GZS-1_VSP_400m Datum'!K22 -> #DIV/0! | C23: ='GZS-1_VSP_400m Datum'!$B$1 -> 0
A24: ='GZS-1_VSP_400m Datum'!A23 -> 0 | B24: ='GZS-1_VSP_400m Datum'!K23 -> #DIV/0! | C24: ='GZS-1_VSP_400m Datum'!$B$1 -> 0
A25: ='GZS-1_VSP_400m Datum'!A24 -> 0 | B25: ='GZS-1_VSP_400m Datum'!K24 -> #DIV/0! | C25: ='GZS-1_VSP_400m Datum'!$B$1 -> 0
... A492: ='GZS-1_VSP_400m Datum'!A491 -> 0 | B492: ='GZS-1_VSP_400m Datum'!K491 -> #DIV/0! | C492: ='GZS-1_VSP_400m Datum'!$B$1 -> 0
